Country;Indicator;Nombres de medidas;Year;Valores de medidas
Afghanistan;Control of Corruption;Standard Error;2018;0,157295763
Afghanistan;Control of Corruption;Percentile Rank;2018;4,326922894
Afghanistan;Control of Corruption;Governance (-2.5 to +2.5);2018;-1,496648192
Afghanistan;Control of Corruption;Number of Sources;2018;10
Albania;Control of Corruption;Standard Error;2018;0,136066794
Albania;Control of Corruption;Percentile Rank;2018;35,096153259
Albania;Control of Corruption;Governance (-2.5 to +2.5);2018;-0,521866679
Albania;Control of Corruption;Number of Sources;2018;11
Algeria;Control of Corruption;Standard Error;2018;0,155637667
Algeria;Control of Corruption;Percentile Rank;2018;28,365385056
Algeria;Control of Corruption;Governance (-2.5 to +2.5);2018;-0,636465013
Algeria;Control of Corruption;Number of Sources;2018;9
American Samoa;Control of Corruption;Standard Error;2018;0,402382225
American Samoa;Control of Corruption;Percentile Rank;2018;94,230766296
American Samoa;Control of Corruption;Governance (-2.5 to +2.5);2018;1,845533729
American Samoa;Control of Corruption;Number of Sources;2018;1
Andorra;Control of Corruption;Standard Error;2018;0,402382225
Andorra;Control of Corruption;Percentile Rank;2018;86,538459778
Andorra;Control of Corruption;Governance (-2.5 to +2.5);2018;1,238614440
Andorra;Control of Corruption;Number of Sources;2018;1
Angola;Control of Corruption;Standard Error;2018;0,147932768
Angola;Control of Corruption;Percentile Rank;2018;11,538461685
Angola;Control of Corruption;Governance (-2.5 to +2.5);2018;-1,144540668
Angola;Control of Corruption;Number of Sources;2018;10
Anguilla;Control of Corruption;Standard Error;2018;0,402382225
Anguilla;Control of Corruption;Percentile Rank;2018;86,538459778
Anguilla;Control of Corruption;Governance (-2.5 to +2.5);2018;1,238614440
Anguilla;Control of Corruption;Number of Sources;2018;1
Antigua and Barbuda;Control of Corruption;Standard Error;2018;0,264885247
Antigua and Barbuda;Control of Corruption;Percentile Rank;2018;63,461540222
Antigua and Barbuda;Control of Corruption;Governance (-2.5 to +2.5);2018;0,276634604
Antigua and Barbuda;Control of Corruption;Number of Sources;2018;2
Argentina;Control of Corruption;Standard Error;2018;0,118222915
Argentina;Control of Corruption;Percentile Rank;2018;54,326923370
Argentina;Control of Corruption;Governance (-2.5 to +2.5);2018;-0,083467543
Argentina;Control of Corruption;Number of Sources;2018;15
Armenia;Control of Corruption;Standard Error;2018;0,135246769
Armenia;Control of Corruption;Percentile Rank;2018;42,788459778
Armenia;Control of Corruption;Governance (-2.5 to +2.5);2018;-0,349112660
Armenia;Control of Corruption;Number of Sources;2018;12
Aruba;Control of Corruption;Standard Error;2018;0,282669574
Aruba;Control of Corruption;Percentile Rank;2018;87,019233704
Aruba;Control of Corruption;Governance (-2.5 to +2.5);2018;1,252026558
Aruba;Control of Corruption;Number of Sources;2018;2
Australia;Control of Corruption;Standard Error;2018;0,139060050
Australia;Control of Corruption;Percentile Rank;2018;92,788459778
Australia;Control of Corruption;Governance (-2.5 to +2.5);2018;1,806200862
Australia;Control of Corruption;Number of Sources;2018;11
Austria;Control of Corruption;Standard Error;2018;0,145136222
Austria;Control of Corruption;Percentile Rank;2018;91,346153259
Austria;Control of Corruption;Governance (-2.5 to +2.5);2018;1,596261740
Austria;Control of Corruption;Number of Sources;2018;9
Azerbaijan;Control of Corruption;Standard Error;2018;0,140411511
Azerbaijan;Control of Corruption;Percentile Rank;2018;21,634614944
Azerbaijan;Control of Corruption;Governance (-2.5 to +2.5);2018;-0,828603089
Azerbaijan;Control of Corruption;Number of Sources;2018;11
Bahamas, The;Control of Corruption;Standard Error;2018;0,176006898
Bahamas, The;Control of Corruption;Percentile Rank;2018;83,173080444
Bahamas, The;Control of Corruption;Governance (-2.5 to +2.5);2018;1,131101847
Bahamas, The;Control of Corruption;Number of Sources;2018;4
Bahrain;Control of Corruption;Standard Error;2018;0,178658798
Bahrain;Control of Corruption;Percentile Rank;2018;51,442306519
Bahrain;Control of Corruption;Governance (-2.5 to +2.5);2018;-0,147286668
Bahrain;Control of Corruption;Number of Sources;2018;5
Bangladesh;Control of Corruption;Standard Error;2018;0,133124024
Bangladesh;Control of Corruption;Percentile Rank;2018;16,826923370
Bangladesh;Control of Corruption;Governance (-2.5 to +2.5);2018;-0,905021548
Bangladesh;Control of Corruption;Number of Sources;2018;12
Barbados;Control of Corruption;Standard Error;2018;0,205695048
Barbados;Control of Corruption;Percentile Rank;2018;88,942306519
Barbados;Control of Corruption;Governance (-2.5 to +2.5);2018;1,411373377
Barbados;Control of Corruption;Number of Sources;2018;4
Belarus;Control of Corruption;Standard Error;2018;0,136538878
Belarus;Control of Corruption;Percentile Rank;2018;49,038459778
Belarus;Control of Corruption;Governance (-2.5 to +2.5);2018;-0,192275569
Belarus;Control of Corruption;Number of Sources;2018;11
Belgium;Control of Corruption;Standard Error;2018;0,143427894
Belgium;Control of Corruption;Percentile Rank;2018;90,384613037
Belgium;Control of Corruption;Governance (-2.5 to +2.5);2018;1,510279179
Belgium;Control of Corruption;Number of Sources;2018;10
Belize;Control of Corruption;Standard Error;2018;0,198510528
Belize;Control of Corruption;Percentile Rank;2018;51,923076630
Belize;Control of Corruption;Governance (-2.5 to +2.5);2018;-0,138192043
Belize;Control of Corruption;Number of Sources;2018;4
Benin;Control of Corruption;Standard Error;2018;0,154484510
Benin;Control of Corruption;Percentile Rank;2018;41,346153259
Benin;Control of Corruption;Governance (-2.5 to +2.5);2018;-0,383374363
Benin;Control of Corruption;Number of Sources;2018;13
Bermuda;Control of Corruption;Standard Error;2018;0,402382225
Bermuda;Control of Corruption;Percentile Rank;2018;86,538459778
Bermuda;Control of Corruption;Governance (-2.5 to +2.5);2018;1,238614440
Bermuda;Control of Corruption;Number of Sources;2018;1
Bhutan;Control of Corruption;Standard Error;2018;0,204103678
Bhutan;Control of Corruption;Percentile Rank;2018;91,826919556
Bhutan;Control of Corruption;Governance (-2.5 to +2.5);2018;1,646513939
Bhutan;Control of Corruption;Number of Sources;2018;6
Bolivia;Control of Corruption;Standard Error;2018;0,126038417
Bolivia;Control of Corruption;Percentile Rank;2018;28,846153259
Bolivia;Control of Corruption;Governance (-2.5 to +2.5);2018;-0,625910044
Bolivia;Control of Corruption;Number of Sources;2018;13
Bosnia and Herzegovina;Control of Corruption;Standard Error;2018;0,139950424
Bosnia and Herzegovina;Control of Corruption;Percentile Rank;2018;31,730770111
Bosnia and Herzegovina;Control of Corruption;Governance (-2.5 to +2.5);2018;-0,571802258
Bosnia and Herzegovina;Control of Corruption;Number of Sources;2018;12
Botswana;Control of Corruption;Standard Error;2018;0,130573496
Botswana;Control of Corruption;Percentile Rank;2018;77,884613037
Botswana;Control of Corruption;Governance (-2.5 to +2.5);2018;0,750510812
Botswana;Control of Corruption;Number of Sources;2018;14
Brazil;Control of Corruption;Standard Error;2018;0,118222915
Brazil;Control of Corruption;Percentile Rank;2018;40,384616852
Brazil;Control of Corruption;Governance (-2.5 to +2.5);2018;-0,419695556
Brazil;Control of Corruption;Number of Sources;2018;15
Brunei Darussalam;Control of Corruption;Standard Error;2018;0,178064078
Brunei Darussalam;Control of Corruption;Percentile Rank;2018;79,807693481
Brunei Darussalam;Control of Corruption;Governance (-2.5 to +2.5);2018;0,795307696
Brunei Darussalam;Control of Corruption;Number of Sources;2018;5
Bulgaria;Control of Corruption;Standard Error;2018;0,126757160
Bulgaria;Control of Corruption;Percentile Rank;2018;50,961540222
Bulgaria;Control of Corruption;Governance (-2.5 to +2.5);2018;-0,151533544
Bulgaria;Control of Corruption;Number of Sources;2018;13
Burkina Faso;Control of Corruption;Standard Error;2018;0,132052988
Burkina Faso;Control of Corruption;Percentile Rank;2018;53,365383148
Burkina Faso;Control of Corruption;Governance (-2.5 to +2.5);2018;-0,112395011
Burkina Faso;Control of Corruption;Number of Sources;2018;14
Burundi;Control of Corruption;Standard Error;2018;0,161528245
Burundi;Control of Corruption;Percentile Rank;2018;5,288461685
Burundi;Control of Corruption;Governance (-2.5 to +2.5);2018;-1,450632811
Burundi;Control of Corruption;Number of Sources;2018;10
Cambodia;Control of Corruption;Standard Error;2018;0,142890438
Cambodia;Control of Corruption;Percentile Rank;2018;8,653845787
Cambodia;Control of Corruption;Governance (-2.5 to +2.5);2018;-1,325572491
Cambodia;Control of Corruption;Number of Sources;2018;13
Cameroon;Control of Corruption;Standard Error;2018;0,127342820
Cameroon;Control of Corruption;Percentile Rank;2018;11,057692528
Cameroon;Control of Corruption;Governance (-2.5 to +2.5);2018;-1,149748445
Cameroon;Control of Corruption;Number of Sources;2018;15
Canada;Control of Corruption;Standard Error;2018;0,143463716
Canada;Control of Corruption;Percentile Rank;2018;94,711540222
Canada;Control of Corruption;Governance (-2.5 to +2.5);2018;1,873514414
Canada;Control of Corruption;Number of Sources;2018;10
Cape Verde;Control of Corruption;Standard Error;2018;0,170898065
Cape Verde;Control of Corruption;Percentile Rank;2018;78,365386963
Cape Verde;Control of Corruption;Governance (-2.5 to +2.5);2018;0,768219650
Cape Verde;Control of Corruption;Number of Sources;2018;10
Cayman Islands;Control of Corruption;Standard Error;2018;0,282669574
Cayman Islands;Control of Corruption;Percentile Rank;2018;68,269233704
Cayman Islands;Control of Corruption;Governance (-2.5 to +2.5);2018;0,496343553
Cayman Islands;Control of Corruption;Number of Sources;2018;2
Central African Republic;Control of Corruption;Standard Error;2018;0,170144215
Central African Republic;Control of Corruption;Percentile Rank;2018;10,576923370
Central African Republic;Control of Corruption;Governance (-2.5 to +2.5);2018;-1,233395457
Central African Republic;Control of Corruption;Number of Sources;2018;10
Chad;Control of Corruption;Standard Error;2018;0,160407782
Chad;Control of Corruption;Percentile Rank;2018;6,730769157
Chad;Control of Corruption;Governance (-2.5 to +2.5);2018;-1,410393476
Chad;Control of Corruption;Number of Sources;2018;11
Chile;Control of Corruption;Standard Error;2018;0,122386388
Chile;Control of Corruption;Percentile Rank;2018;81,730766296
Chile;Control of Corruption;Governance (-2.5 to +2.5);2018;1,012118101
Chile;Control of Corruption;Number of Sources;2018;14
China;Control of Corruption;Standard Error;2018;0,124981195
China;Control of Corruption;Percentile Rank;2018;45,673076630
China;Control of Corruption;Governance (-2.5 to +2.5);2018;-0,271244168
China;Control of Corruption;Number of Sources;2018;13
Colombia;Control of Corruption;Standard Error;2018;0,118222915
Colombia;Control of Corruption;Percentile Rank;2018;44,711540222
Colombia;Control of Corruption;Governance (-2.5 to +2.5);2018;-0,301492929
Colombia;Control of Corruption;Number of Sources;2018;15
Comoros;Control of Corruption;Standard Error;2018;0,206039086
Comoros;Control of Corruption;Percentile Rank;2018;22,596153259
Comoros;Control of Corruption;Governance (-2.5 to +2.5);2018;-0,816412508
Comoros;Control of Corruption;Number of Sources;2018;7
Congo, Dem. Rep.;Control of Corruption;Standard Error;2018;0,143330172
Congo, Dem. Rep.;Control of Corruption;Percentile Rank;2018;3,846153736
Congo, Dem. Rep.;Control of Corruption;Governance (-2.5 to +2.5);2018;-1,503398299
Congo, Dem. Rep.;Control of Corruption;Number of Sources;2018;12
Congo, Rep.;Control of Corruption;Standard Error;2018;0,147070631
Congo, Rep.;Control of Corruption;Percentile Rank;2018;7,692307472
Congo, Rep.;Control of Corruption;Governance (-2.5 to +2.5);2018;-1,358806729
Congo, Rep.;Control of Corruption;Number of Sources;2018;11
Cook Islands;Control of Corruption;Standard Error;2018;
Cook Islands;Control of Corruption;Percentile Rank;2018;
Cook Islands;Control of Corruption;Governance (-2.5 to +2.5);2018;
Cook Islands;Control of Corruption;Number of Sources;2018;
Costa Rica;Control of Corruption;Standard Error;2018;0,130702287
Costa Rica;Control of Corruption;Percentile Rank;2018;70,673080444
Costa Rica;Control of Corruption;Governance (-2.5 to +2.5);2018;0,551760793
Costa Rica;Control of Corruption;Number of Sources;2018;12
Côte d'Ivoire;Control of Corruption;Standard Error;2018;0,132052988
Côte d'Ivoire;Control of Corruption;Percentile Rank;2018;36,538459778
Côte d'Ivoire;Control of Corruption;Governance (-2.5 to +2.5);2018;-0,499096274
Côte d'Ivoire;Control of Corruption;Number of Sources;2018;14
Croatia;Control of Corruption;Standard Error;2018;0,126757160
Croatia;Control of Corruption;Percentile Rank;2018;60,096153259
Croatia;Control of Corruption;Governance (-2.5 to +2.5);2018;0,131639063
Croatia;Control of Corruption;Number of Sources;2018;13
Cuba;Control of Corruption;Standard Error;2018;0,159804866
Cuba;Control of Corruption;Percentile Rank;2018;61,057693481
Cuba;Control of Corruption;Governance (-2.5 to +2.5);2018;0,165415302
Cuba;Control of Corruption;Number of Sources;2018;7
Cyprus;Control of Corruption;Standard Error;2018;0,157067508
Cyprus;Control of Corruption;Percentile Rank;2018;74,038459778
Cyprus;Control of Corruption;Governance (-2.5 to +2.5);2018;0,639966190
Cyprus;Control of Corruption;Number of Sources;2018;9
Czech Republic;Control of Corruption;Standard Error;2018;0,130979314
Czech Republic;Control of Corruption;Percentile Rank;2018;69,230766296
Czech Republic;Control of Corruption;Governance (-2.5 to +2.5);2018;0,503732085
Czech Republic;Control of Corruption;Number of Sources;2018;12
Denmark;Control of Corruption;Standard Error;2018;0,145136222
Denmark;Control of Corruption;Percentile Rank;2018;98,557693481
Denmark;Control of Corruption;Governance (-2.5 to +2.5);2018;2,147795439
Denmark;Control of Corruption;Number of Sources;2018;9
Djibouti;Control of Corruption;Standard Error;2018;0,179627523
Djibouti;Control of Corruption;Percentile Rank;2018;26,442308426
Djibouti;Control of Corruption;Governance (-2.5 to +2.5);2018;-0,716809273
Djibouti;Control of Corruption;Number of Sources;2018;8
Dominica;Control of Corruption;Standard Error;2018;0,234402731
Dominica;Control of Corruption;Percentile Rank;2018;70,192306519
Dominica;Control of Corruption;Governance (-2.5 to +2.5);2018;0,545733690
Dominica;Control of Corruption;Number of Sources;2018;3
Dominican Republic;Control of Corruption;Standard Error;2018;0,122967802
Dominican Republic;Control of Corruption;Percentile Rank;2018;24,519229889
Dominican Republic;Control of Corruption;Governance (-2.5 to +2.5);2018;-0,749489963
Dominican Republic;Control of Corruption;Number of Sources;2018;13
Ecuador;Control of Corruption;Standard Error;2018;0,125666812
Ecuador;Control of Corruption;Percentile Rank;2018;32,692306519
Ecuador;Control of Corruption;Governance (-2.5 to +2.5);2018;-0,561797202
Ecuador;Control of Corruption;Number of Sources;2018;13
Egypt, Arab Rep.;Control of Corruption;Standard Error;2018;0,130599782
Egypt, Arab Rep.;Control of Corruption;Percentile Rank;2018;30,769229889
Egypt, Arab Rep.;Control of Corruption;Governance (-2.5 to +2.5);2018;-0,586934149
Egypt, Arab Rep.;Control of Corruption;Number of Sources;2018;13
El Salvador;Control of Corruption;Standard Error;2018;0,121923603
El Salvador;Control of Corruption;Percentile Rank;2018;29,807691574
El Salvador;Control of Corruption;Governance (-2.5 to +2.5);2018;-0,591107666
El Salvador;Control of Corruption;Number of Sources;2018;14
Equatorial Guinea;Control of Corruption;Standard Error;2018;0,211955294
Equatorial Guinea;Control of Corruption;Percentile Rank;2018;2,403846264
Equatorial Guinea;Control of Corruption;Governance (-2.5 to +2.5);2018;-1,559684277
Equatorial Guinea;Control of Corruption;Number of Sources;2018;6
Eritrea;Control of Corruption;Standard Error;2018;0,171483114
Eritrea;Control of Corruption;Percentile Rank;2018;9,134614944
Eritrea;Control of Corruption;Governance (-2.5 to +2.5);2018;-1,316022873
Eritrea;Control of Corruption;Number of Sources;2018;9
Estonia;Control of Corruption;Standard Error;2018;0,130979314
Estonia;Control of Corruption;Percentile Rank;2018;89,903846741
Estonia;Control of Corruption;Governance (-2.5 to +2.5);2018;1,506318092
Estonia;Control of Corruption;Number of Sources;2018;12
Ethiopia;Control of Corruption;Standard Error;2018;0,130599782
Ethiopia;Control of Corruption;Percentile Rank;2018;37,5
Ethiopia;Control of Corruption;Governance (-2.5 to +2.5);2018;-0,486167163
Ethiopia;Control of Corruption;Number of Sources;2018;13
Fiji;Control of Corruption;Standard Error;2018;0,275580317
Fiji;Control of Corruption;Percentile Rank;2018;67,307693481
Fiji;Control of Corruption;Governance (-2.5 to +2.5);2018;0,380997419
Fiji;Control of Corruption;Number of Sources;2018;3
Finland;Control of Corruption;Standard Error;2018;0,145136222
Finland;Control of Corruption;Percentile Rank;2018;100
Finland;Control of Corruption;Governance (-2.5 to +2.5);2018;2,212430000
Finland;Control of Corruption;Number of Sources;2018;9
France;Control of Corruption;Standard Error;2018;0,143427894
France;Control of Corruption;Percentile Rank;2018;87,980766296
France;Control of Corruption;Governance (-2.5 to +2.5);2018;1,316892743
France;Control of Corruption;Number of Sources;2018;10
French Guiana;Control of Corruption;Standard Error;2018;0,282669574
French Guiana;Control of Corruption;Percentile Rank;2018;81,25
French Guiana;Control of Corruption;Governance (-2.5 to +2.5);2018;0,952516437
French Guiana;Control of Corruption;Number of Sources;2018;2
Gabon;Control of Corruption;Standard Error;2018;0,142465204
Gabon;Control of Corruption;Percentile Rank;2018;19,711538315
Gabon;Control of Corruption;Governance (-2.5 to +2.5);2018;-0,851204932
Gabon;Control of Corruption;Number of Sources;2018;13
Gambia, The;Control of Corruption;Standard Error;2018;0,141365424
Gambia, The;Control of Corruption;Percentile Rank;2018;38,942306519
Gambia, The;Control of Corruption;Governance (-2.5 to +2.5);2018;-0,463039070
Gambia, The;Control of Corruption;Number of Sources;2018;12
Georgia;Control of Corruption;Standard Error;2018;0,139950424
Georgia;Control of Corruption;Percentile Rank;2018;76,442306519
Georgia;Control of Corruption;Governance (-2.5 to +2.5);2018;0,707991064
Georgia;Control of Corruption;Number of Sources;2018;12
Germany;Control of Corruption;Standard Error;2018;0,143427894
Germany;Control of Corruption;Percentile Rank;2018;95,192306519
Germany;Control of Corruption;Governance (-2.5 to +2.5);2018;1,946583867
Germany;Control of Corruption;Number of Sources;2018;10
Ghana;Control of Corruption;Standard Error;2018;0,127342820
Ghana;Control of Corruption;Percentile Rank;2018;52,884616852
Ghana;Control of Corruption;Governance (-2.5 to +2.5);2018;-0,114903882
Ghana;Control of Corruption;Number of Sources;2018;15
Greece;Control of Corruption;Standard Error;2018;0,143427894
Greece;Control of Corruption;Percentile Rank;2018;55,769229889
Greece;Control of Corruption;Governance (-2.5 to +2.5);2018;-0,066025868
Greece;Control of Corruption;Number of Sources;2018;10
Greenland;Control of Corruption;Standard Error;2018;0,345218956
Greenland;Control of Corruption;Percentile Rank;2018;84,134613037
Greenland;Control of Corruption;Governance (-2.5 to +2.5);2018;1,177300930
Greenland;Control of Corruption;Number of Sources;2018;2
Grenada;Control of Corruption;Standard Error;2018;0,208580986
Grenada;Control of Corruption;Percentile Rank;2018;66,826919556
Grenada;Control of Corruption;Governance (-2.5 to +2.5);2018;0,376537263
Grenada;Control of Corruption;Number of Sources;2018;4
Guam;Control of Corruption;Standard Error;2018;0,402382225
Guam;Control of Corruption;Percentile Rank;2018;86,538459778
Guam;Control of Corruption;Governance (-2.5 to +2.5);2018;1,238614440
Guam;Control of Corruption;Number of Sources;2018;1
Guatemala;Control of Corruption;Standard Error;2018;0,121923603
Guatemala;Control of Corruption;Percentile Rank;2018;22,115385056
Guatemala;Control of Corruption;Governance (-2.5 to +2.5);2018;-0,822812557
Guatemala;Control of Corruption;Number of Sources;2018;14
Guinea;Control of Corruption;Standard Error;2018;0,136601448
Guinea;Control of Corruption;Percentile Rank;2018;13,942307472
Guinea;Control of Corruption;Governance (-2.5 to +2.5);2018;-1,041717410
Guinea;Control of Corruption;Number of Sources;2018;14
Guinea-Bissau;Control of Corruption;Standard Error;2018;0,165879741
Guinea-Bissau;Control of Corruption;Percentile Rank;2018;3,365384579
Guinea-Bissau;Control of Corruption;Governance (-2.5 to +2.5);2018;-1,533723593
Guinea-Bissau;Control of Corruption;Number of Sources;2018;8
Guyana;Control of Corruption;Standard Error;2018;0,150658116
Guyana;Control of Corruption;Percentile Rank;2018;46,634616852
Guyana;Control of Corruption;Governance (-2.5 to +2.5);2018;-0,226697654
Guyana;Control of Corruption;Number of Sources;2018;7
Haiti;Control of Corruption;Standard Error;2018;0,142744794
Haiti;Control of Corruption;Percentile Rank;2018;9,615385056
Haiti;Control of Corruption;Governance (-2.5 to +2.5);2018;-1,265189171
Haiti;Control of Corruption;Number of Sources;2018;11
Honduras;Control of Corruption;Standard Error;2018;0,121923603
Honduras;Control of Corruption;Percentile Rank;2018;29,326923370
Honduras;Control of Corruption;Governance (-2.5 to +2.5);2018;-0,616485655
Honduras;Control of Corruption;Number of Sources;2018;14
Hong Kong SAR, China;Control of Corruption;Standard Error;2018;0,143342063
Hong Kong SAR, China;Control of Corruption;Percentile Rank;2018;92,307693481
Hong Kong SAR, China;Control of Corruption;Governance (-2.5 to +2.5);2018;1,676440954
Hong Kong SAR, China;Control of Corruption;Number of Sources;2018;10
Hungary;Control of Corruption;Standard Error;2018;0,130979314
Hungary;Control of Corruption;Percentile Rank;2018;59,615383148
Hungary;Control of Corruption;Governance (-2.5 to +2.5);2018;0,053346969
Hungary;Control of Corruption;Number of Sources;2018;12
Iceland;Control of Corruption;Standard Error;2018;0,159319088
Iceland;Control of Corruption;Percentile Rank;2018;93,75
Iceland;Control of Corruption;Governance (-2.5 to +2.5);2018;1,843648911
Iceland;Control of Corruption;Number of Sources;2018;8
India;Control of Corruption;Standard Error;2018;0,124459989
India;Control of Corruption;Percentile Rank;2018;49,519229889
India;Control of Corruption;Governance (-2.5 to +2.5);2018;-0,186293021
India;Control of Corruption;Number of Sources;2018;14
Indonesia;Control of Corruption;Standard Error;2018;0,124459989
Indonesia;Control of Corruption;Percentile Rank;2018;46,153846741
Indonesia;Control of Corruption;Governance (-2.5 to +2.5);2018;-0,251544684
Indonesia;Control of Corruption;Number of Sources;2018;14
Iran, Islamic Rep.;Control of Corruption;Standard Error;2018;0,138552487
Iran, Islamic Rep.;Control of Corruption;Percentile Rank;2018;15,865385056
Iran, Islamic Rep.;Control of Corruption;Governance (-2.5 to +2.5);2018;-0,958816469
Iran, Islamic Rep.;Control of Corruption;Number of Sources;2018;10
Iraq;Control of Corruption;Standard Error;2018;0,151370808
Iraq;Control of Corruption;Percentile Rank;2018;7,211538315
Iraq;Control of Corruption;Governance (-2.5 to +2.5);2018;-1,399407744
Iraq;Control of Corruption;Number of Sources;2018;9
Ireland;Control of Corruption;Standard Error;2018;0,159319088
Ireland;Control of Corruption;Percentile Rank;2018;90,865386963
Ireland;Control of Corruption;Governance (-2.5 to +2.5);2018;1,547375560
Ireland;Control of Corruption;Number of Sources;2018;8
Israel;Control of Corruption;Standard Error;2018;0,159319088
Israel;Control of Corruption;Percentile Rank;2018;79,326919556
Israel;Control of Corruption;Governance (-2.5 to +2.5);2018;0,786569417
Israel;Control of Corruption;Number of Sources;2018;8
Italy;Control of Corruption;Standard Error;2018;0,143427894
Italy;Control of Corruption;Percentile Rank;2018;62,019229889
Italy;Control of Corruption;Governance (-2.5 to +2.5);2018;0,235618845
Italy;Control of Corruption;Number of Sources;2018;10
Jamaica;Control of Corruption;Standard Error;2018;0,137401581
Jamaica;Control of Corruption;Percentile Rank;2018;50
Jamaica;Control of Corruption;Governance (-2.5 to +2.5);2018;-0,164390519
Jamaica;Control of Corruption;Number of Sources;2018;11
Japan;Control of Corruption;Standard Error;2018;0,139060050
Japan;Control of Corruption;Percentile Rank;2018;89,423080444
Japan;Control of Corruption;Governance (-2.5 to +2.5);2018;1,424771905
Japan;Control of Corruption;Number of Sources;2018;11
Jersey, Channel Islands;Control of Corruption;Standard Error;2018;0,371305615
Jersey, Channel Islands;Control of Corruption;Percentile Rank;2018;82,692306519
Jersey, Channel Islands;Control of Corruption;Governance (-2.5 to +2.5);2018;1,102387547
Jersey, Channel Islands;Control of Corruption;Number of Sources;2018;1
Jordan;Control of Corruption;Standard Error;2018;0,129336804
Jordan;Control of Corruption;Percentile Rank;2018;60,576923370
Jordan;Control of Corruption;Governance (-2.5 to +2.5);2018;0,149542108
Jordan;Control of Corruption;Number of Sources;2018;11
Kazakhstan;Control of Corruption;Standard Error;2018;0,126757160
Kazakhstan;Control of Corruption;Percentile Rank;2018;36,057693481
Kazakhstan;Control of Corruption;Governance (-2.5 to +2.5);2018;-0,501726210
Kazakhstan;Control of Corruption;Number of Sources;2018;13
Kenya;Control of Corruption;Standard Error;2018;0,127342820
Kenya;Control of Corruption;Percentile Rank;2018;19,230770111
Kenya;Control of Corruption;Governance (-2.5 to +2.5);2018;-0,852012873
Kenya;Control of Corruption;Number of Sources;2018;15
Kiribati;Control of Corruption;Standard Error;2018;0,308442235
Kiribati;Control of Corruption;Percentile Rank;2018;64,903846741
Kiribati;Control of Corruption;Governance (-2.5 to +2.5);2018;0,336413562
Kiribati;Control of Corruption;Number of Sources;2018;3
Korea, Dem. Rep.;Control of Corruption;Standard Error;2018;0,166333973
Korea, Dem. Rep.;Control of Corruption;Percentile Rank;2018;1,923076868
Korea, Dem. Rep.;Control of Corruption;Governance (-2.5 to +2.5);2018;-1,566256166
Korea, Dem. Rep.;Control of Corruption;Number of Sources;2018;6
Korea, Rep.;Control of Corruption;Standard Error;2018;0,133841664
Korea, Rep.;Control of Corruption;Percentile Rank;2018;72,115386963
Korea, Rep.;Control of Corruption;Governance (-2.5 to +2.5);2018;0,604109466
Korea, Rep.;Control of Corruption;Number of Sources;2018;12
Kosovo;Control of Corruption;Standard Error;2018;0,180009887
Kosovo;Control of Corruption;Percentile Rank;2018;35,576923370
Kosovo;Control of Corruption;Governance (-2.5 to +2.5);2018;-0,519039273
Kosovo;Control of Corruption;Number of Sources;2018;8
Kuwait;Control of Corruption;Standard Error;2018;0,160761163
Kuwait;Control of Corruption;Percentile Rank;2018;45,192306519
Kuwait;Control of Corruption;Governance (-2.5 to +2.5);2018;-0,289428264
Kuwait;Control of Corruption;Number of Sources;2018;7
Kyrgyz Republic;Control of Corruption;Standard Error;2018;0,143695533
Kyrgyz Republic;Control of Corruption;Percentile Rank;2018;16,346153259
Kyrgyz Republic;Control of Corruption;Governance (-2.5 to +2.5);2018;-0,954297185
Kyrgyz Republic;Control of Corruption;Number of Sources;2018;12
Lao PDR;Control of Corruption;Standard Error;2018;0,166379198
Lao PDR;Control of Corruption;Percentile Rank;2018;15,384614944
Lao PDR;Control of Corruption;Governance (-2.5 to +2.5);2018;-0,982673883
Lao PDR;Control of Corruption;Number of Sources;2018;9
Latvia;Control of Corruption;Standard Error;2018;0,141119674
Latvia;Control of Corruption;Percentile Rank;2018;64,423080444
Latvia;Control of Corruption;Governance (-2.5 to +2.5);2018;0,328587115
Latvia;Control of Corruption;Number of Sources;2018;11
Lebanon;Control of Corruption;Standard Error;2018;0,138552487
Lebanon;Control of Corruption;Percentile Rank;2018;12,019230843
Lebanon;Control of Corruption;Governance (-2.5 to +2.5);2018;-1,108917117
Lebanon;Control of Corruption;Number of Sources;2018;10
Lesotho;Control of Corruption;Standard Error;2018;0,171240494
Lesotho;Control of Corruption;Percentile Rank;2018;53,846153259
Lesotho;Control of Corruption;Governance (-2.5 to +2.5);2018;-0,103308097
Lesotho;Control of Corruption;Number of Sources;2018;11
Liberia;Control of Corruption;Standard Error;2018;0,130573496
Liberia;Control of Corruption;Percentile Rank;2018;20,192308426
Liberia;Control of Corruption;Governance (-2.5 to +2.5);2018;-0,850995839
Liberia;Control of Corruption;Number of Sources;2018;14
Libya;Control of Corruption;Standard Error;2018;0,163300306
Libya;Control of Corruption;Percentile Rank;2018;2,884615421
Libya;Control of Corruption;Governance (-2.5 to +2.5);2018;-1,552711248
Libya;Control of Corruption;Number of Sources;2018;9
Liechtenstein;Control of Corruption;Standard Error;2018;0,282669574
Liechtenstein;Control of Corruption;Percentile Rank;2018;95,673080444
Liechtenstein;Control of Corruption;Governance (-2.5 to +2.5);2018;2,007709742
Liechtenstein;Control of Corruption;Number of Sources;2018;2
Lithuania;Control of Corruption;Standard Error;2018;0,141119674
Lithuania;Control of Corruption;Percentile Rank;2018;68,75
Lithuania;Control of Corruption;Governance (-2.5 to +2.5);2018;0,497895688
Lithuania;Control of Corruption;Number of Sources;2018;11
Luxembourg;Control of Corruption;Standard Error;2018;0,165853977
Luxembourg;Control of Corruption;Percentile Rank;2018;97,115386963
Luxembourg;Control of Corruption;Governance (-2.5 to +2.5);2018;2,087754965
Luxembourg;Control of Corruption;Number of Sources;2018;7
Macao SAR, China;Control of Corruption;Standard Error;2018;0,253047138
Macao SAR, China;Control of Corruption;Percentile Rank;2018;76,923080444
Macao SAR, China;Control of Corruption;Governance (-2.5 to +2.5);2018;0,715681791
Macao SAR, China;Control of Corruption;Number of Sources;2018;3
Macedonia, FYR;Control of Corruption;Standard Error;2018;0,162215382
Macedonia, FYR;Control of Corruption;Percentile Rank;2018;42,307693481
Macedonia, FYR;Control of Corruption;Governance (-2.5 to +2.5);2018;-0,364816099
Macedonia, FYR;Control of Corruption;Number of Sources;2018;9
Madagascar;Control of Corruption;Standard Error;2018;0,132052988
Madagascar;Control of Corruption;Percentile Rank;2018;14,903845787
Madagascar;Control of Corruption;Governance (-2.5 to +2.5);2018;-1,000726819
Madagascar;Control of Corruption;Number of Sources;2018;14
Malawi;Control of Corruption;Standard Error;2018;0,130573496
Malawi;Control of Corruption;Percentile Rank;2018;25
Malawi;Control of Corruption;Governance (-2.5 to +2.5);2018;-0,743389189
Malawi;Control of Corruption;Number of Sources;2018;14
Malaysia;Control of Corruption;Standard Error;2018;0,129931405
Malaysia;Control of Corruption;Percentile Rank;2018;63,942306519
Malaysia;Control of Corruption;Governance (-2.5 to +2.5);2018;0,313976467
Malaysia;Control of Corruption;Number of Sources;2018;12
Maldives;Control of Corruption;Standard Error;2018;0,266387939
Maldives;Control of Corruption;Percentile Rank;2018;17,307691574
Maldives;Control of Corruption;Governance (-2.5 to +2.5);2018;-0,893001139
Maldives;Control of Corruption;Number of Sources;2018;5
Mali;Control of Corruption;Standard Error;2018;0,136601448
Mali;Control of Corruption;Percentile Rank;2018;26,923076630
Mali;Control of Corruption;Governance (-2.5 to +2.5);2018;-0,695331037
Mali;Control of Corruption;Number of Sources;2018;14
Malta;Control of Corruption;Standard Error;2018;0,176566407
Malta;Control of Corruption;Percentile Rank;2018;71,634613037
Malta;Control of Corruption;Governance (-2.5 to +2.5);2018;0,579901814
Malta;Control of Corruption;Number of Sources;2018;6
Marshall Islands;Control of Corruption;Standard Error;2018;0,436468840
Marshall Islands;Control of Corruption;Percentile Rank;2018;54,807693481
Marshall Islands;Control of Corruption;Governance (-2.5 to +2.5);2018;-0,074099444
Marshall Islands;Control of Corruption;Number of Sources;2018;2
Martinique;Control of Corruption;Standard Error;2018;0,402382225
Martinique;Control of Corruption;Percentile Rank;2018;86,538459778
Martinique;Control of Corruption;Governance (-2.5 to +2.5);2018;1,238614440
Martinique;Control of Corruption;Number of Sources;2018;1
Mauritania;Control of Corruption;Standard Error;2018;0,160407782
Mauritania;Control of Corruption;Percentile Rank;2018;23,076923370
Mauritania;Control of Corruption;Governance (-2.5 to +2.5);2018;-0,807253838
Mauritania;Control of Corruption;Number of Sources;2018;11
Mauritius;Control of Corruption;Standard Error;2018;0,154484510
Mauritius;Control of Corruption;Percentile Rank;2018;62,980770111
Mauritius;Control of Corruption;Governance (-2.5 to +2.5);2018;0,269634515
Mauritius;Control of Corruption;Number of Sources;2018;13
Mexico;Control of Corruption;Standard Error;2018;0,118222915
Mexico;Control of Corruption;Percentile Rank;2018;18,75
Mexico;Control of Corruption;Governance (-2.5 to +2.5);2018;-0,862851739
Mexico;Control of Corruption;Number of Sources;2018;15
Micronesia, Fed. Sts.;Control of Corruption;Standard Error;2018;0,308442235
Micronesia, Fed. Sts.;Control of Corruption;Percentile Rank;2018;75,480766296
Micronesia, Fed. Sts.;Control of Corruption;Governance (-2.5 to +2.5);2018;0,693029821
Micronesia, Fed. Sts.;Control of Corruption;Number of Sources;2018;3
Moldova;Control of Corruption;Standard Error;2018;0,126787215
Moldova;Control of Corruption;Percentile Rank;2018;25,961538315
Moldova;Control of Corruption;Governance (-2.5 to +2.5);2018;-0,726750195
Moldova;Control of Corruption;Number of Sources;2018;12
Monaco;Control of Corruption;Standard Error;2018;
Monaco;Control of Corruption;Percentile Rank;2018;
Monaco;Control of Corruption;Governance (-2.5 to +2.5);2018;
Monaco;Control of Corruption;Number of Sources;2018;
Mongolia;Control of Corruption;Standard Error;2018;0,127162218
Mongolia;Control of Corruption;Percentile Rank;2018;39,903846741
Mongolia;Control of Corruption;Governance (-2.5 to +2.5);2018;-0,427789748
Mongolia;Control of Corruption;Number of Sources;2018;14
Montenegro;Control of Corruption;Standard Error;2018;0,158179730
Montenegro;Control of Corruption;Percentile Rank;2018;58,173076630
Montenegro;Control of Corruption;Governance (-2.5 to +2.5);2018;0,022798713
Montenegro;Control of Corruption;Number of Sources;2018;10
Morocco;Control of Corruption;Standard Error;2018;0,127901241
Morocco;Control of Corruption;Percentile Rank;2018;47,596153259
Morocco;Control of Corruption;Governance (-2.5 to +2.5);2018;-0,216403425
Morocco;Control of Corruption;Number of Sources;2018;14
Mozambique;Control of Corruption;Standard Error;2018;0,137291446
Mozambique;Control of Corruption;Percentile Rank;2018;24,038461685
Mozambique;Control of Corruption;Governance (-2.5 to +2.5);2018;-0,781379700
Mozambique;Control of Corruption;Number of Sources;2018;13
Myanmar;Control of Corruption;Standard Error;2018;0,137045547
Myanmar;Control of Corruption;Percentile Rank;2018;30,288461685
Myanmar;Control of Corruption;Governance (-2.5 to +2.5);2018;-0,588293970
Myanmar;Control of Corruption;Number of Sources;2018;12
Namibia;Control of Corruption;Standard Error;2018;0,142703548
Namibia;Control of Corruption;Percentile Rank;2018;65,384613037
Namibia;Control of Corruption;Governance (-2.5 to +2.5);2018;0,339959860
Namibia;Control of Corruption;Number of Sources;2018;12
Nauru;Control of Corruption;Standard Error;2018;0,876602411
Nauru;Control of Corruption;Percentile Rank;2018;33,653846741
Nauru;Control of Corruption;Governance (-2.5 to +2.5);2018;-0,553909302
Nauru;Control of Corruption;Number of Sources;2018;1
Nepal;Control of Corruption;Standard Error;2018;0,149507254
Nepal;Control of Corruption;Percentile Rank;2018;27,403846741
Nepal;Control of Corruption;Governance (-2.5 to +2.5);2018;-0,673650503
Nepal;Control of Corruption;Number of Sources;2018;11
Netherlands;Control of Corruption;Standard Error;2018;0,143427894
Netherlands;Control of Corruption;Percentile Rank;2018;96,153846741
Netherlands;Control of Corruption;Governance (-2.5 to +2.5);2018;2,009026289
Netherlands;Control of Corruption;Number of Sources;2018;10
Netherlands Antilles (former);Control of Corruption;Standard Error;2018;
Netherlands Antilles (former);Control of Corruption;Percentile Rank;2018;
Netherlands Antilles (former);Control of Corruption;Governance (-2.5 to +2.5);2018;
Netherlands Antilles (former);Control of Corruption;Number of Sources;2018;
New Zealand;Control of Corruption;Standard Error;2018;0,145136222
New Zealand;Control of Corruption;Percentile Rank;2018;99,519233704
New Zealand;Control of Corruption;Governance (-2.5 to +2.5);2018;2,174695969
New Zealand;Control of Corruption;Number of Sources;2018;9
Nicaragua;Control of Corruption;Standard Error;2018;0,121923603
Nicaragua;Control of Corruption;Percentile Rank;2018;12,980769157
Nicaragua;Control of Corruption;Governance (-2.5 to +2.5);2018;-1,063360333
Nicaragua;Control of Corruption;Number of Sources;2018;14
Niger;Control of Corruption;Standard Error;2018;0,142465204
Niger;Control of Corruption;Percentile Rank;2018;31,25
Niger;Control of Corruption;Governance (-2.5 to +2.5);2018;-0,579814553
Niger;Control of Corruption;Number of Sources;2018;13
Nigeria;Control of Corruption;Standard Error;2018;0,127342820
Nigeria;Control of Corruption;Percentile Rank;2018;13,461538315
Nigeria;Control of Corruption;Governance (-2.5 to +2.5);2018;-1,044890404
Nigeria;Control of Corruption;Number of Sources;2018;15
Niue;Control of Corruption;Standard Error;2018;
Niue;Control of Corruption;Percentile Rank;2018;
Niue;Control of Corruption;Governance (-2.5 to +2.5);2018;
Niue;Control of Corruption;Number of Sources;2018;
Norway;Control of Corruption;Standard Error;2018;0,145136222
Norway;Control of Corruption;Percentile Rank;2018;97,596153259
Norway;Control of Corruption;Governance (-2.5 to +2.5);2018;2,089906693
Norway;Control of Corruption;Number of Sources;2018;9
Oman;Control of Corruption;Standard Error;2018;0,170566097
Oman;Control of Corruption;Percentile Rank;2018;62,5
Oman;Control of Corruption;Governance (-2.5 to +2.5);2018;0,246082827
Oman;Control of Corruption;Number of Sources;2018;6
Pakistan;Control of Corruption;Standard Error;2018;0,131802037
Pakistan;Control of Corruption;Percentile Rank;2018;23,557691574
Pakistan;Control of Corruption;Governance (-2.5 to +2.5);2018;-0,790733755
Pakistan;Control of Corruption;Number of Sources;2018;13
Palau;Control of Corruption;Standard Error;2018;0,876602411
Palau;Control of Corruption;Percentile Rank;2018;33,653846741
Palau;Control of Corruption;Governance (-2.5 to +2.5);2018;-0,553909302
Palau;Control of Corruption;Number of Sources;2018;1
Panama;Control of Corruption;Standard Error;2018;0,126506016
Panama;Control of Corruption;Percentile Rank;2018;32,211540222
Panama;Control of Corruption;Governance (-2.5 to +2.5);2018;-0,567026973
Panama;Control of Corruption;Number of Sources;2018;13
Papua New Guinea;Control of Corruption;Standard Error;2018;0,157175332
Papua New Guinea;Control of Corruption;Percentile Rank;2018;17,788461685
Papua New Guinea;Control of Corruption;Governance (-2.5 to +2.5);2018;-0,876009524
Papua New Guinea;Control of Corruption;Number of Sources;2018;8
Paraguay;Control of Corruption;Standard Error;2018;0,134538755
Paraguay;Control of Corruption;Percentile Rank;2018;20,673076630
Paraguay;Control of Corruption;Governance (-2.5 to +2.5);2018;-0,847464621
Paraguay;Control of Corruption;Number of Sources;2018;12
Peru;Control of Corruption;Standard Error;2018;0,118222915
Peru;Control of Corruption;Percentile Rank;2018;34,615383148
Peru;Control of Corruption;Governance (-2.5 to +2.5);2018;-0,540105224
Peru;Control of Corruption;Number of Sources;2018;15
Philippines;Control of Corruption;Standard Error;2018;0,125571325
Philippines;Control of Corruption;Percentile Rank;2018;34,134616852
Philippines;Control of Corruption;Governance (-2.5 to +2.5);2018;-0,544815421
Philippines;Control of Corruption;Number of Sources;2018;13
Poland;Control of Corruption;Standard Error;2018;0,130979314
Poland;Control of Corruption;Percentile Rank;2018;74,519233704
Poland;Control of Corruption;Governance (-2.5 to +2.5);2018;0,641421854
Poland;Control of Corruption;Number of Sources;2018;12
Portugal;Control of Corruption;Standard Error;2018;0,143427894
Portugal;Control of Corruption;Percentile Rank;2018;80,288459778
Portugal;Control of Corruption;Governance (-2.5 to +2.5);2018;0,849830389
Portugal;Control of Corruption;Number of Sources;2018;10
Puerto Rico;Control of Corruption;Standard Error;2018;0,282669574
Puerto Rico;Control of Corruption;Percentile Rank;2018;59,134616852
Puerto Rico;Control of Corruption;Governance (-2.5 to +2.5);2018;0,040170640
Puerto Rico;Control of Corruption;Number of Sources;2018;2
Qatar;Control of Corruption;Standard Error;2018;0,152550235
Qatar;Control of Corruption;Percentile Rank;2018;77,403846741
Qatar;Control of Corruption;Governance (-2.5 to +2.5);2018;0,724894464
Qatar;Control of Corruption;Number of Sources;2018;8
Réunion;Control of Corruption;Standard Error;2018;0,402382225
Réunion;Control of Corruption;Percentile Rank;2018;73,557693481
Réunion;Control of Corruption;Governance (-2.5 to +2.5);2018;0,631695211
Réunion;Control of Corruption;Number of Sources;2018;1
Romania;Control of Corruption;Standard Error;2018;0,126757160
Romania;Control of Corruption;Percentile Rank;2018;52,403846741
Romania;Control of Corruption;Governance (-2.5 to +2.5);2018;-0,121650435
Romania;Control of Corruption;Number of Sources;2018;13
Russian Federation;Control of Corruption;Standard Error;2018;0,130979314
Russian Federation;Control of Corruption;Percentile Rank;2018;21,153846741
Russian Federation;Control of Corruption;Governance (-2.5 to +2.5);2018;-0,845113337
Russian Federation;Control of Corruption;Number of Sources;2018;12
Rwanda;Control of Corruption;Standard Error;2018;0,160407782
Rwanda;Control of Corruption;Percentile Rank;2018;71,153846741
Rwanda;Control of Corruption;Governance (-2.5 to +2.5);2018;0,578257680
Rwanda;Control of Corruption;Number of Sources;2018;11
Samoa;Control of Corruption;Standard Error;2018;0,308442235
Samoa;Control of Corruption;Percentile Rank;2018;75
Samoa;Control of Corruption;Governance (-2.5 to +2.5);2018;0,642385900
Samoa;Control of Corruption;Number of Sources;2018;3
San Marino;Control of Corruption;Standard Error;2018;
San Marino;Control of Corruption;Percentile Rank;2018;
San Marino;Control of Corruption;Governance (-2.5 to +2.5);2018;
San Marino;Control of Corruption;Number of Sources;2018;
São Tomé and Principe;Control of Corruption;Standard Error;2018;0,182822198
São Tomé and Principe;Control of Corruption;Percentile Rank;2018;61,538459778
São Tomé and Principe;Control of Corruption;Governance (-2.5 to +2.5);2018;0,183871165
São Tomé and Principe;Control of Corruption;Number of Sources;2018;9
Saudi Arabia;Control of Corruption;Standard Error;2018;0,152550235
Saudi Arabia;Control of Corruption;Percentile Rank;2018;65,865386963
Saudi Arabia;Control of Corruption;Governance (-2.5 to +2.5);2018;0,359696180
Saudi Arabia;Control of Corruption;Number of Sources;2018;8
Senegal;Control of Corruption;Standard Error;2018;0,127342820
Senegal;Control of Corruption;Percentile Rank;2018;56,730770111
Senegal;Control of Corruption;Governance (-2.5 to +2.5);2018;-0,024701431
Senegal;Control of Corruption;Number of Sources;2018;15
Serbia;Control of Corruption;Standard Error;2018;0,136066794
Serbia;Control of Corruption;Percentile Rank;2018;41,826923370
Serbia;Control of Corruption;Governance (-2.5 to +2.5);2018;-0,370214820
Serbia;Control of Corruption;Number of Sources;2018;11
Seychelles;Control of Corruption;Standard Error;2018;0,179023087
Seychelles;Control of Corruption;Percentile Rank;2018;75,961540222
Seychelles;Control of Corruption;Governance (-2.5 to +2.5);2018;0,702686250
Seychelles;Control of Corruption;Number of Sources;2018;8
Sierra Leone;Control of Corruption;Standard Error;2018;0,130573496
Sierra Leone;Control of Corruption;Percentile Rank;2018;37,019229889
Sierra Leone;Control of Corruption;Governance (-2.5 to +2.5);2018;-0,492169827
Sierra Leone;Control of Corruption;Number of Sources;2018;14
Singapore;Control of Corruption;Standard Error;2018;0,135226622
Singapore;Control of Corruption;Percentile Rank;2018;99,038459778
Singapore;Control of Corruption;Governance (-2.5 to +2.5);2018;2,174524069
Singapore;Control of Corruption;Number of Sources;2018;11
Slovak Republic;Control of Corruption;Standard Error;2018;0,141119674
Slovak Republic;Control of Corruption;Percentile Rank;2018;66,346153259
Slovak Republic;Control of Corruption;Governance (-2.5 to +2.5);2018;0,362919837
Slovak Republic;Control of Corruption;Number of Sources;2018;11
Slovenia;Control of Corruption;Standard Error;2018;0,130979314
Slovenia;Control of Corruption;Percentile Rank;2018;80,769233704
Slovenia;Control of Corruption;Governance (-2.5 to +2.5);2018;0,870217502
Slovenia;Control of Corruption;Number of Sources;2018;12
Solomon Islands;Control of Corruption;Standard Error;2018;0,271616429
Solomon Islands;Control of Corruption;Percentile Rank;2018;57,692306519
Solomon Islands;Control of Corruption;Governance (-2.5 to +2.5);2018;-0,004946198
Solomon Islands;Control of Corruption;Number of Sources;2018;4
Somalia;Control of Corruption;Standard Error;2018;0,155328587
Somalia;Control of Corruption;Percentile Rank;2018;0
Somalia;Control of Corruption;Governance (-2.5 to +2.5);2018;-1,800084829
Somalia;Control of Corruption;Number of Sources;2018;10
South Africa;Control of Corruption;Standard Error;2018;0,123143591
South Africa;Control of Corruption;Percentile Rank;2018;57,211540222
South Africa;Control of Corruption;Governance (-2.5 to +2.5);2018;-0,021568974
South Africa;Control of Corruption;Number of Sources;2018;16
South Sudan;Control of Corruption;Standard Error;2018;0,188296407
South Sudan;Control of Corruption;Percentile Rank;2018;0,480769217
South Sudan;Control of Corruption;Governance (-2.5 to +2.5);2018;-1,727953553
South Sudan;Control of Corruption;Number of Sources;2018;9
Spain;Control of Corruption;Standard Error;2018;0,143427894
Spain;Control of Corruption;Percentile Rank;2018;72,596153259
Spain;Control of Corruption;Governance (-2.5 to +2.5);2018;0,613507032
Spain;Control of Corruption;Number of Sources;2018;10
Sri Lanka;Control of Corruption;Standard Error;2018;0,132873267
Sri Lanka;Control of Corruption;Percentile Rank;2018;43,269229889
Sri Lanka;Control of Corruption;Governance (-2.5 to +2.5);2018;-0,335543483
Sri Lanka;Control of Corruption;Number of Sources;2018;11
St. Kitts and Nevis;Control of Corruption;Standard Error;2018;0,264885247
St. Kitts and Nevis;Control of Corruption;Percentile Rank;2018;67,788459778
St. Kitts and Nevis;Control of Corruption;Governance (-2.5 to +2.5);2018;0,452590257
St. Kitts and Nevis;Control of Corruption;Number of Sources;2018;2
St. Lucia;Control of Corruption;Standard Error;2018;0,234402731
St. Lucia;Control of Corruption;Percentile Rank;2018;69,711540222
St. Lucia;Control of Corruption;Governance (-2.5 to +2.5);2018;0,536202788
St. Lucia;Control of Corruption;Number of Sources;2018;3
St. Vincent and the Grenadines;Control of Corruption;Standard Error;2018;0,234402731
St. Vincent and the Grenadines;Control of Corruption;Percentile Rank;2018;78,846153259
St. Vincent and the Grenadines;Control of Corruption;Governance (-2.5 to +2.5);2018;0,768825471
St. Vincent and the Grenadines;Control of Corruption;Number of Sources;2018;3
Sudan;Control of Corruption;Standard Error;2018;0,143248439
Sudan;Control of Corruption;Percentile Rank;2018;5,769230843
Sudan;Control of Corruption;Governance (-2.5 to +2.5);2018;-1,426932931
Sudan;Control of Corruption;Number of Sources;2018;12
Suriname;Control of Corruption;Standard Error;2018;0,168253958
Suriname;Control of Corruption;Percentile Rank;2018;48,076923370
Suriname;Control of Corruption;Governance (-2.5 to +2.5);2018;-0,211484432
Suriname;Control of Corruption;Number of Sources;2018;5
Swaziland;Control of Corruption;Standard Error;2018;0,183749631
Swaziland;Control of Corruption;Percentile Rank;2018;47,115383148
Swaziland;Control of Corruption;Governance (-2.5 to +2.5);2018;-0,217872396
Swaziland;Control of Corruption;Number of Sources;2018;9
Sweden;Control of Corruption;Standard Error;2018;0,143427894
Sweden;Control of Corruption;Percentile Rank;2018;98,076919556
Sweden;Control of Corruption;Governance (-2.5 to +2.5);2018;2,139578104
Sweden;Control of Corruption;Number of Sources;2018;10
Switzerland;Control of Corruption;Standard Error;2018;0,157067508
Switzerland;Control of Corruption;Percentile Rank;2018;96,634613037
Switzerland;Control of Corruption;Governance (-2.5 to +2.5);2018;2,009710312
Switzerland;Control of Corruption;Number of Sources;2018;9
Syrian Arab Republic;Control of Corruption;Standard Error;2018;0,178574353
Syrian Arab Republic;Control of Corruption;Percentile Rank;2018;1,442307711
Syrian Arab Republic;Control of Corruption;Governance (-2.5 to +2.5);2018;-1,626812100
Syrian Arab Republic;Control of Corruption;Number of Sources;2018;5
Taiwan, China;Control of Corruption;Standard Error;2018;0,144718766
Taiwan, China;Control of Corruption;Percentile Rank;2018;82,211540222
Taiwan, China;Control of Corruption;Governance (-2.5 to +2.5);2018;1,027657509
Taiwan, China;Control of Corruption;Number of Sources;2018;11
Tajikistan;Control of Corruption;Standard Error;2018;0,162415355
Tajikistan;Control of Corruption;Percentile Rank;2018;6,25
Tajikistan;Control of Corruption;Governance (-2.5 to +2.5);2018;-1,415101886
Tajikistan;Control of Corruption;Number of Sources;2018;10
Tanzania;Control of Corruption;Standard Error;2018;0,127342820
Tanzania;Control of Corruption;Percentile Rank;2018;39,423076630
Tanzania;Control of Corruption;Governance (-2.5 to +2.5);2018;-0,447985262
Tanzania;Control of Corruption;Number of Sources;2018;15
Thailand;Control of Corruption;Standard Error;2018;0,129346102
Thailand;Control of Corruption;Percentile Rank;2018;40,865383148
Thailand;Control of Corruption;Governance (-2.5 to +2.5);2018;-0,398804069
Thailand;Control of Corruption;Number of Sources;2018;13
Timor-Leste;Control of Corruption;Standard Error;2018;0,204103678
Timor-Leste;Control of Corruption;Percentile Rank;2018;38,461540222
Timor-Leste;Control of Corruption;Governance (-2.5 to +2.5);2018;-0,473585069
Timor-Leste;Control of Corruption;Number of Sources;2018;6
Togo;Control of Corruption;Standard Error;2018;0,142465204
Togo;Control of Corruption;Percentile Rank;2018;25,480770111
Togo;Control of Corruption;Governance (-2.5 to +2.5);2018;-0,727537394
Togo;Control of Corruption;Number of Sources;2018;13
Tonga;Control of Corruption;Standard Error;2018;0,255685210
Tonga;Control of Corruption;Percentile Rank;2018;55,288459778
Tonga;Control of Corruption;Governance (-2.5 to +2.5);2018;-0,070895255
Tonga;Control of Corruption;Number of Sources;2018;4
Trinidad and Tobago;Control of Corruption;Standard Error;2018;0,143089160
Trinidad and Tobago;Control of Corruption;Percentile Rank;2018;44,230770111
Trinidad and Tobago;Control of Corruption;Governance (-2.5 to +2.5);2018;-0,317267030
Trinidad and Tobago;Control of Corruption;Number of Sources;2018;9
Tunisia;Control of Corruption;Standard Error;2018;0,127342820
Tunisia;Control of Corruption;Percentile Rank;2018;56,25
Tunisia;Control of Corruption;Governance (-2.5 to +2.5);2018;-0,053486329
Tunisia;Control of Corruption;Number of Sources;2018;15
Turkey;Control of Corruption;Standard Error;2018;0,132297575
Turkey;Control of Corruption;Percentile Rank;2018;43,75
Turkey;Control of Corruption;Governance (-2.5 to +2.5);2018;-0,335383773
Turkey;Control of Corruption;Number of Sources;2018;12
Turkmenistan;Control of Corruption;Standard Error;2018;0,188138083
Turkmenistan;Control of Corruption;Percentile Rank;2018;8,173076630
Turkmenistan;Control of Corruption;Governance (-2.5 to +2.5);2018;-1,357741833
Turkmenistan;Control of Corruption;Number of Sources;2018;6
Tuvalu;Control of Corruption;Standard Error;2018;0,308442235
Tuvalu;Control of Corruption;Percentile Rank;2018;58,653846741
Tuvalu;Control of Corruption;Governance (-2.5 to +2.5);2018;0,028579855
Tuvalu;Control of Corruption;Number of Sources;2018;3
Uganda;Control of Corruption;Standard Error;2018;0,127342820
Uganda;Control of Corruption;Percentile Rank;2018;14,423076630
Uganda;Control of Corruption;Governance (-2.5 to +2.5);2018;-1,037356973
Uganda;Control of Corruption;Number of Sources;2018;15
Ukraine;Control of Corruption;Standard Error;2018;0,126757160
Ukraine;Control of Corruption;Percentile Rank;2018;18,269229889
Ukraine;Control of Corruption;Governance (-2.5 to +2.5);2018;-0,873690844
Ukraine;Control of Corruption;Number of Sources;2018;13
United Arab Emirates;Control of Corruption;Standard Error;2018;0,144332275
United Arab Emirates;Control of Corruption;Percentile Rank;2018;83,653846741
United Arab Emirates;Control of Corruption;Governance (-2.5 to +2.5);2018;1,151607990
United Arab Emirates;Control of Corruption;Number of Sources;2018;8
United Kingdom;Control of Corruption;Standard Error;2018;0,143427894
United Kingdom;Control of Corruption;Percentile Rank;2018;93,269233704
United Kingdom;Control of Corruption;Governance (-2.5 to +2.5);2018;1,826576591
United Kingdom;Control of Corruption;Number of Sources;2018;10
United States;Control of Corruption;Standard Error;2018;0,139092699
United States;Control of Corruption;Percentile Rank;2018;88,461540222
United States;Control of Corruption;Governance (-2.5 to +2.5);2018;1,323217869
United States;Control of Corruption;Number of Sources;2018;11
Uruguay;Control of Corruption;Standard Error;2018;0,121923603
Uruguay;Control of Corruption;Percentile Rank;2018;87,5
Uruguay;Control of Corruption;Governance (-2.5 to +2.5);2018;1,265534401
Uruguay;Control of Corruption;Number of Sources;2018;14
Uzbekistan;Control of Corruption;Standard Error;2018;0,146512181
Uzbekistan;Control of Corruption;Percentile Rank;2018;12,5
Uzbekistan;Control of Corruption;Governance (-2.5 to +2.5);2018;-1,068713784
Uzbekistan;Control of Corruption;Number of Sources;2018;11
Vanuatu;Control of Corruption;Standard Error;2018;0,233508378
Vanuatu;Control of Corruption;Percentile Rank;2018;50,480770111
Vanuatu;Control of Corruption;Governance (-2.5 to +2.5);2018;-0,162942410
Vanuatu;Control of Corruption;Number of Sources;2018;5
Venezuela, RB;Control of Corruption;Standard Error;2018;0,121626057
Venezuela, RB;Control of Corruption;Percentile Rank;2018;4,807692528
Venezuela, RB;Control of Corruption;Governance (-2.5 to +2.5);2018;-1,467512012
Venezuela, RB;Control of Corruption;Number of Sources;2018;14
Vietnam;Control of Corruption;Standard Error;2018;0,129378051
Vietnam;Control of Corruption;Percentile Rank;2018;37,980770111
Vietnam;Control of Corruption;Governance (-2.5 to +2.5);2018;-0,485356659
Vietnam;Control of Corruption;Number of Sources;2018;12
Virgin Islands (U.S.);Control of Corruption;Standard Error;2018;0,402382225
Virgin Islands (U.S.);Control of Corruption;Percentile Rank;2018;73,557693481
Virgin Islands (U.S.);Control of Corruption;Governance (-2.5 to +2.5);2018;0,631695211
Virgin Islands (U.S.);Control of Corruption;Number of Sources;2018;1
West Bank and Gaza;Control of Corruption;Standard Error;2018;0,249252886
West Bank and Gaza;Control of Corruption;Percentile Rank;2018;48,557693481
West Bank and Gaza;Control of Corruption;Governance (-2.5 to +2.5);2018;-0,195420340
West Bank and Gaza;Control of Corruption;Number of Sources;2018;4
Yemen, Rep.;Control of Corruption;Standard Error;2018;0,149154052
Yemen, Rep.;Control of Corruption;Percentile Rank;2018;0,961538434
Yemen, Rep.;Control of Corruption;Governance (-2.5 to +2.5);2018;-1,637971282
Yemen, Rep.;Control of Corruption;Number of Sources;2018;9
Zambia;Control of Corruption;Standard Error;2018;0,130573496
Zambia;Control of Corruption;Percentile Rank;2018;27,884614944
Zambia;Control of Corruption;Governance (-2.5 to +2.5);2018;-0,656136453
Zambia;Control of Corruption;Number of Sources;2018;14
Zimbabwe;Control of Corruption;Standard Error;2018;0,127342820
Zimbabwe;Control of Corruption;Percentile Rank;2018;10,096154213
Zimbabwe;Control of Corruption;Governance (-2.5 to +2.5);2018;-1,235616326
Zimbabwe;Control of Corruption;Number of Sources;2018;15
